Chainage,Distance(m),UTM_X,UTM_Y,RL,Remarks,Bank
2100,0,793920,2488179,2.852,Land,Bank
2100,5,793916,2488176,2.788,Land, 
2100,10,793912,2488173,2.948,Land, 
2100,15,793908,2488170,2.958,Land, 
2100,17,793906,2488169,2.97,Land, 
2100,20,793904,2488167,3.306,RBT, 
2100,24,793901,2488165,1.797,Slope, 
2100,25,793900,2488164,1.559,Slope, 
2100,27,793898,2488163,1.855,Slope, 
2100,29,793897,2488162,1.202,Slope, 
2100,30,793896,2488161,1.16,WL, 
2100,31,793895,2488161,-2.127,Sounding, 
2100,32,793894,2488160,-2.122,Sounding, 
2100,35,793892,2488158,-2.31,Sounding, 
2100,39,793888,2488156,-2.62,Sounding, 
2100,44,793884,2488153,-2.797,Sounding, 
2100,47,793882,2488151,-3.094,Sounding, 
2100,52,793878,2488149,0.92,Bathy, 
2100,55,793875,2488147,0.82,Bathy, 
2100,57,793873,2488146,-0.32,Bathy, 
2100,60,793871,2488144,-1.26,Bathy, 
2100,63,793868,2488143,-2.04,Bathy, 
2100,66,793866,2488141,-2.68,Bathy, 
2100,71,793862,2488138,-3.47,Bathy, 
2100,75,793859,2488136,-3.99,Bathy, 
2100,78,793856,2488134,-4.65,Bathy, 
2100,83,793852,2488131,-5.12,Bathy, 
2100,85,793850,2488130,-5.6,Bathy, 
2100,89,793847,2488128,-5.97,Bathy, 
2100,94,793843,2488125,-6.37,Bathy, 
2100,99,793839,2488122,-6.94,Bathy, 
2100,103,793835,2488120,-7.64,Bathy, 
2100,109,793831,2488116,-8.17,Bathy, 
2100,116,793825,2488113,-8.09,Bathy, 
2100,121,793821,2488110,-8.01,Bathy, 
2100,126,793816,2488107,-7.95,Bathy, 
2100,134,793810,2488102,-7.86,Bathy, 
2100,140,793805,2488099,-7.81,Bathy, 
2100,146,793800,2488095,-7.79,Bathy, 
2100,154,793794,2488091,-7.76,Bathy, 
2100,160,793789,2488088,-7.77,Bathy, 
2100,166,793784,2488084,-7.85,Bathy, 
2100,171,793780,2488081,-7.88,Bathy, 
2100,178,793774,2488077,-7.92,Bathy, 
2100,184,793769,2488074,-7.86,Bathy, 
2100,190,793764,2488071,-7.93,Bathy, 
2100,196,793759,2488067,-7.94,Bathy, 
2100,205,793752,2488062,-8.08,Bathy, 
2100,212,793746,2488058,-8.11,Bathy, 
2100,218,793741,2488055,-8.05,Bathy, 
2100,226,793735,2488050,-8.12,Bathy, 
2100,233,793729,2488046,-8.25,Bathy, 
2100,240,793723,2488042,-8.19,Bathy, 
2100,248,793716,2488038,-8.22,Bathy, 
2100,257,793709,2488033,-8.24,Bathy, 
2100,264,793703,2488028,-8.2,Bathy, 
2100,270,793698,2488025,-8.24,Bathy, 
2100,277,793692,2488021,-8.31,Bathy, 
2100,282,793688,2488018,-8.37,Bathy, 
2100,286,793685,2488016,-8.39,Bathy, 
2100,291,793681,2488013,-8.37,Bathy, 
2100,298,793675,2488009,-8.4,Bathy, 
2100,305,793670,2488005,-8.46,Bathy, 
2100,312,793664,2488001,-8.42,Bathy, 
2100,318,793658,2487998,-8.5,Bathy, 
2100,325,793653,2487994,-8.56,Bathy, 
2100,333,793646,2487989,-8.5,Bathy, 
2100,340,793641,2487985,-8.45,Bathy, 
2100,347,793635,2487981,-8.24,Bathy, 
2100,354,793629,2487978,-8.06,Bathy, 
2100,359,793625,2487975,-7.85,Bathy, 
2100,363,793622,2487972,-7.61,Bathy, 
2100,369,793617,2487969,-6.88,Bathy, 
2100,375,793612,2487965,-7.89,Bathy, 
2100,378,793609,2487964,-6.77,Bathy, 
2100,383,793605,2487961,-6.52,Bathy, 
2100,388,793601,2487958,-7.33,Bathy, 
2100,394,793596,2487955,-7.21,Bathy, 
2100,402,793590,2487950,-7.04,Bathy, 
2100,407,793585,2487947,-7.02,Bathy, 
2100,416,793578,2487942,-6.87,Bathy, 
2100,422,793573,2487939,-6.71,Bathy, 
2100,428,793568,2487935,-6.6,Bathy, 
2100,434,793563,2487932,-6.35,Bathy, 
2100,441,793558,2487928,-6.37,Bathy, 
2100,446,793553,2487925,-6.19,Bathy, 
2100,453,793548,2487921,-6.21,Bathy, 
2100,460,793542,2487917,-6.04,Bathy, 
2100,466,793537,2487914,-5.96,Bathy, 
2100,471,793533,2487911,-5.86,Bathy, 
2100,477,793528,2487907,-5.53,Bathy, 
2100,483,793523,2487904,-5.55,Bathy, 
2100,487,793520,2487902,-5.48,Bathy, 
2100,490,793517,2487900,-5.48,Bathy, 
2100,495,793513,2487897,-5.02,Bathy, 
2100,497,793511,2487896,-5.18,Bathy, 
2100,501,793508,2487894,-4.73,Bathy, 
2100,506,793504,2487891,-5.06,Bathy, 
2100,509,793502,2487889,-4.82,Bathy, 
2100,513,793498,2487887,-4.73,Bathy, 
2100,517,793495,2487885,-4.72,Bathy, 
2100,522,793491,2487882,-4.84,Bathy, 
2100,527,793487,2487879,-4.5,Bathy, 
2100,531,793483,2487877,-4.18,Bathy, 
2100,536,793479,2487874,-4.14,Bathy, 
2100,543,793474,2487870,-4.27,Bathy, 
2100,547,793470,2487868,-4,Bathy, 
2100,552,793466,2487865,-3.75,Bathy, 
2100,557,793462,2487862,-3.66,Bathy, 
2100,562,793458,2487859,-3.6,Bathy, 
2100,566,793455,2487857,-3.43,Bathy, 
2100,573,793449,2487853,-2.79,Bathy, 
2100,578,793445,2487850,-3.06,Bathy, 
2100,583,793441,2487847,-2.96,Bathy, 
2100,588,793437,2487844,-2.8,Bathy, 
2100,594,793431,2487841,-2.63,Bathy, 
2100,599,793427,2487838,-2.59,Bathy, 
2100,604,793423,2487835,-2.44,Bathy, 
2100,610,793418,2487832,-2.29,Bathy, 
2100,615,793414,2487829,-1.86,Bathy, 
2100,622,793409,2487825,-1.49,Bathy, 
2100,627,793405,2487822,-0.8,Bathy, 
2100,632,793400,2487819,-0.07,Bathy, 
,,,,,,
2200,0,793806,2488231,3.474,House,Bank
2200,3,793804,2488229,3.647,Land, 
2200,4,793803,2488228,3.633,Land, 
2200,6,793801,2488227,3.376,RBT, 
2200,9,793799,2488226,2.088,Slope, 
2200,10,793798,2488225,2.105,Slope, 
2200,13,793796,2488223,1.01,WL, 
2200,14,793795,2488223,-2.762,Sounding, 
2200,15,793794,2488222,-2.882,Sounding, 
2200,16,793793,2488221,-3.584,Sounding, 
2200,19,793791,2488220,-3.279,Sounding, 
2200,20,793790,2488219,-3.573,Sounding, 
2200,23,793788,2488217,-3.94,Sounding, 
2200,29,793782,2488214,-3.17,Bathy, 
2200,31,793781,2488213,-3.7,Bathy, 
2200,33,793779,2488212,-4.44,Bathy, 
2200,37,793776,2488210,-4.81,Bathy, 
2200,39,793774,2488208,-5.26,Bathy, 
2200,43,793771,2488206,-5.75,Bathy, 
2200,49,793766,2488203,-6.46,Bathy, 
2200,52,793764,2488201,-6.8,Bathy, 
2200,59,793758,2488197,-7.75,Bathy, 
2200,64,793754,2488194,-8.46,Bathy, 
2200,70,793749,2488191,-8.94,Bathy, 
2200,76,793744,2488187,-8.82,Bathy, 
2200,81,793740,2488184,-8.76,Bathy, 
2200,87,793735,2488181,-8.7,Bathy, 
2200,93,793730,2488177,-8.68,Bathy, 
2200,99,793725,2488174,-8.56,Bathy, 
2200,105,793721,2488170,-8.55,Bathy, 
2200,109,793717,2488168,-8.48,Bathy, 
2200,114,793713,2488165,-8.42,Bathy, 
2200,120,793708,2488161,-8.39,Bathy, 
2200,126,793703,2488158,-8.28,Bathy, 
2200,133,793698,2488154,-8.32,Bathy, 
2200,137,793694,2488152,-8.3,Bathy, 
2200,143,793689,2488148,-8.28,Bathy, 
2200,148,793685,2488145,-8.28,Bathy, 
2200,154,793680,2488142,-8.27,Bathy, 
2200,161,793675,2488138,-8.27,Bathy, 
2200,166,793670,2488135,-8.28,Bathy, 
2200,173,793665,2488131,-8.26,Bathy, 
2200,178,793661,2488128,-8.27,Bathy, 
2200,186,793654,2488123,-8.24,Bathy, 
2200,192,793649,2488120,-8.25,Bathy, 
2200,199,793644,2488116,-8.22,Bathy, 
2200,204,793639,2488113,-8.22,Bathy, 
2200,209,793635,2488110,-8.21,Bathy, 
2200,216,793630,2488106,-8.22,Bathy, 
2200,221,793626,2488103,-8.18,Bathy, 
2200,227,793621,2488100,-8.19,Bathy, 
2200,232,793617,2488097,-8.17,Bathy, 
2200,239,793611,2488093,-8.2,Bathy, 
2200,245,793606,2488089,-8.25,Bathy, 
2200,251,793601,2488086,-8.27,Bathy, 
2200,257,793596,2488082,-8.23,Bathy, 
2200,262,793592,2488079,-8.06,Bathy, 
2200,267,793588,2488077,-7.84,Bathy, 
2200,272,793584,2488073,-7.71,Bathy, 
2200,278,793579,2488070,-7.47,Bathy, 
2200,285,793574,2488066,-7.29,Bathy, 
2200,291,793568,2488063,-7.14,Bathy, 
2200,297,793564,2488059,-7.23,Bathy, 
2200,303,793559,2488056,-7.1,Bathy, 
2200,305,793557,2488054,-7.54,Bathy, 
2200,313,793551,2488050,-7.14,Bathy, 
2200,320,793545,2488046,-6.99,Bathy, 
2200,327,793539,2488042,-6.78,Bathy, 
2200,336,793532,2488037,-6.57,Bathy, 
2200,343,793526,2488033,-6.52,Bathy, 
2200,349,793521,2488029,-6.39,Bathy, 
2200,357,793515,2488024,-6.15,Bathy, 
2200,364,793509,2488021,-6.1,Bathy, 
2200,370,793504,2488017,-6.07,Bathy, 
2200,379,793497,2488012,-5.87,Bathy, 
2200,386,793491,2488008,-5.98,Bathy, 
2200,392,793486,2488004,-5.88,Bathy, 
2200,400,793480,2488000,-5.89,Bathy, 
2200,407,793474,2487996,-5.77,Bathy, 
2200,412,793470,2487992,-5.69,Bathy, 
2200,420,793463,2487988,-5.49,Bathy, 
2200,428,793457,2487984,-5.27,Bathy, 
2200,435,793451,2487980,-5.46,Bathy, 
2200,440,793447,2487976,-5.21,Bathy, 
2200,448,793440,2487972,-5.03,Bathy, 
2200,456,793434,2487967,-5.02,Bathy, 
2200,463,793428,2487963,-4.84,Bathy, 
2200,470,793423,2487959,-4.84,Bathy, 
2200,478,793416,2487955,-4.7,Bathy, 
2200,486,793410,2487950,-4.58,Bathy, 
2200,493,793404,2487946,-4.39,Bathy, 
2200,501,793397,2487941,-4.19,Bathy, 
2200,509,793391,2487937,-3.88,Bathy, 
2200,516,793385,2487933,-3.77,Bathy, 
2200,522,793380,2487929,-3.63,Bathy, 
2200,529,793374,2487925,-3.4,Bathy, 
2200,538,793367,2487920,-2.95,Bathy, 
2200,544,793362,2487916,-3.3,Bathy, 
2200,552,793355,2487912,-2.92,Bathy, 
2200,559,793350,2487908,-2.87,Bathy, 
2200,567,793343,2487903,-2.13,Bathy, 
2200,574,793338,2487899,-1.82,Bathy, 
2200,580,793333,2487895,-1.42,Bathy, 
2200,586,793328,2487892,-0.51,Bathy, 
,,,,,,
2300,0,793718,2488311,2.78,Land,Bank
2300,3,793716,2488309,2.686,Land, 
2300,4,793715,2488308,2.668,Land, 
2300,8,793712,2488306,2.757,Land, 
2300,9,793711,2488305,2.618,Land, 
2300,11,793709,2488304,2.727,Land, 
2300,14,793707,2488302,2.766,Land, 
2300,16,793706,2488301,2.827,Land, 
2300,17,793705,2488300,2.818,RBT, 
2300,18,793704,2488299,1.588,Slope, 
2300,19,793703,2488299,0.998,WL, 
2300,21,793702,2488298,0.088,Sounding, 
2300,22,793701,2488297,-0.102,Sounding, 
2300,24,793699,2488296,-0.315,Sounding, 
2300,26,793698,2488294,-0.752,Sounding, 
2300,29,793695,2488293,-0.902,Sounding, 
2300,31,793694,2488291,-1.302,Sounding, 
2300,35,793691,2488289,-1.582,Sounding, 
2300,39,793687,2488288,-3.95,Bathy, 
2300,42,793684,2488286,-5.35,Bathy, 
2300,44,793683,2488285,-6.5,Bathy, 
2300,49,793679,2488282,-7.22,Bathy, 
2300,53,793676,2488279,-8.14,Bathy, 
2300,57,793672,2488277,-9.48,Bathy, 
2300,61,793669,2488274,-10.37,Bathy, 
2300,67,793664,2488271,-10.68,Bathy, 
2300,74,793658,2488267,-10.71,Bathy, 
2300,79,793655,2488264,-10.5,Bathy, 
2300,84,793650,2488261,-10.37,Bathy, 
2300,91,793645,2488257,-10.15,Bathy, 
2300,96,793641,2488254,-10,Bathy, 
2300,102,793636,2488250,-9.84,Bathy, 
2300,109,793631,2488246,-9.67,Bathy, 
2300,114,793627,2488243,-9.54,Bathy, 
2300,119,793622,2488240,-9.51,Bathy, 
2300,124,793618,2488237,-9.41,Bathy, 
2300,132,793612,2488232,-9.34,Bathy, 
2300,139,793606,2488228,-9.32,Bathy, 
2300,144,793602,2488225,-9.24,Bathy, 
2300,150,793597,2488222,-9.19,Bathy, 
2300,156,793593,2488218,-9.07,Bathy, 
2300,162,793588,2488215,-8.97,Bathy, 
2300,168,793583,2488211,-8.99,Bathy, 
2300,174,793578,2488207,-8.84,Bathy, 
2300,181,793573,2488203,-8.56,Bathy, 
2300,186,793569,2488200,-8.7,Bathy, 
2300,193,793563,2488196,-8.61,Bathy, 
2300,200,793557,2488192,-8.38,Bathy, 
2300,206,793553,2488188,-7.85,Bathy, 
2300,212,793548,2488185,-8.22,Bathy, 
2300,218,793543,2488181,-8.19,Bathy, 
2300,224,793538,2488178,-7.57,Bathy, 
2300,229,793534,2488175,-7.08,Bathy, 
2300,232,793532,2488173,-8.29,Bathy, 
2300,234,793530,2488172,-7.32,Bathy, 
2300,237,793527,2488170,-8.15,Bathy, 
2300,244,793522,2488166,-7.9,Bathy, 
2300,249,793518,2488163,-7.84,Bathy, 
2300,256,793512,2488159,-7.76,Bathy, 
2300,262,793507,2488155,-7.49,Bathy, 
2300,267,793503,2488152,-7.42,Bathy, 
2300,274,793498,2488148,-7.33,Bathy, 
2300,277,793495,2488146,-6.22,Bathy, 
2300,280,793493,2488144,-7.21,Bathy, 
2300,285,793489,2488141,-7.19,Bathy, 
2300,291,793484,2488138,-7.01,Bathy, 
2300,297,793480,2488134,-6.9,Bathy, 
2300,304,793474,2488130,-6.91,Bathy, 
2300,309,793470,2488127,-6.78,Bathy, 
2300,315,793465,2488123,-6.66,Bathy, 
2300,322,793459,2488119,-6.57,Bathy, 
2300,330,793453,2488115,-6.41,Bathy, 
2300,336,793448,2488111,-6.41,Bathy, 
2300,342,793443,2488107,-6.3,Bathy, 
2300,350,793437,2488103,-6.31,Bathy, 
2300,355,793433,2488100,-6.16,Bathy, 
2300,361,793428,2488096,-6.06,Bathy, 
2300,368,793422,2488092,-5.98,Bathy, 
2300,376,793416,2488087,-5.89,Bathy, 
2300,382,793411,2488084,-5.83,Bathy, 
2300,388,793406,2488080,-5.69,Bathy, 
2300,395,793401,2488076,-5.04,Bathy, 
2300,400,793396,2488073,-5.61,Bathy, 
2300,407,793391,2488069,-5.68,Bathy, 
2300,414,793385,2488065,-5.42,Bathy, 
2300,420,793380,2488061,-5.61,Bathy, 
2300,426,793376,2488057,-5.55,Bathy, 
2300,433,793370,2488054,-5.41,Bathy, 
2300,439,793365,2488050,-5.24,Bathy, 
2300,447,793359,2488045,-5.34,Bathy, 
2300,453,793354,2488042,-5.08,Bathy, 
2300,460,793349,2488037,-5.15,Bathy, 
2300,465,793344,2488034,-4.99,Bathy, 
2300,472,793339,2488030,-4.92,Bathy, 
2300,479,793333,2488026,-4.72,Bathy, 
2300,485,793328,2488022,-4.78,Bathy, 
2300,493,793322,2488018,-4.53,Bathy, 
2300,499,793317,2488014,-4.47,Bathy, 
2300,505,793312,2488010,-4.39,Bathy, 
2300,513,793306,2488006,-4.32,Bathy, 
2300,518,793302,2488003,-4.09,Bathy, 
2300,524,793297,2487999,-3.96,Bathy, 
2300,530,793292,2487995,-3.86,Bathy, 
2300,535,793288,2487992,-3.47,Bathy, 
2300,541,793283,2487989,-3.58,Bathy, 
2300,546,793279,2487986,-3.17,Bathy, 
2300,553,793274,2487982,-3.57,Bathy, 
2300,558,793270,2487979,-3.18,Bathy, 
2300,563,793265,2487976,-3.03,Bathy, 
2300,568,793262,2487973,-2.48,Bathy, 
2300,573,793257,2487970,-2.04,Bathy, 
2300,576,793255,2487968,-2.19,Bathy, 
2300,578,793253,2487967,-1.68,Bathy, 
2300,583,793250,2487964,-1.38,Bathy, 
2300,589,793245,2487960,-0.66,Bathy, 
,,,,,,
2400,0,793600,2488385,2.419,Land,Bank
2400,2,793599,2488383,2.519,Land, 
2400,4,793597,2488382,2.619,Land, 
2400,6,793596,2488381,2.139,Land, 
2400,6,793596,2488381,2.529,Land, 
2400,8,793594,2488379,2.039,RBT, 
2400,10,793593,2488378,1.919,Slope, 
2400,11,793592,2488377,1.086,Slope, 
2400,12,793591,2488377,0.975,WL, 
2400,13,793590,2488376,0.475,Sounding, 
2400,15,793589,2488375,0.225,Sounding, 
2400,18,793587,2488373,-0.005,Sounding, 
2400,19,793586,2488372,-3.55,Bathy, 
2400,19,793586,2488372,-0.025,Sounding, 
2400,21,793585,2488371,-4.37,Bathy, 
2400,23,793583,2488369,-5.3,Bathy, 
2400,25,793582,2488368,-0.925,Sounding, 
2400,26,793581,2488367,-6.46,Bathy, 
2400,30,793578,2488365,-7.84,Bathy, 
2400,33,793576,2488363,-8.79,Bathy, 
2400,37,793573,2488360,-9.82,Bathy, 
2400,40,793570,2488358,-10.56,Bathy, 
2400,45,793567,2488355,-11.12,Bathy, 
2400,48,793564,2488353,-11.65,Bathy, 
2400,51,793562,2488351,-12.24,Bathy, 
2400,57,793558,2488347,-12.65,Bathy, 
2400,60,793555,2488345,-12.8,Bathy, 
2400,66,793551,2488341,-12.69,Bathy, 
2400,70,793548,2488338,-12.5,Bathy, 
2400,78,793542,2488333,-13,Bathy, 
2400,84,793537,2488329,-12.79,Bathy, 
2400,89,793534,2488325,-12.57,Bathy, 
2400,94,793530,2488322,-12.45,Bathy, 
2400,101,793525,2488318,-12.16,Bathy, 
2400,106,793521,2488314,-12.12,Bathy, 
2400,111,793517,2488311,-11.87,Bathy, 
2400,117,793513,2488307,-11.8,Bathy, 
2400,122,793509,2488304,-11.64,Bathy, 
2400,126,793506,2488301,-11.55,Bathy, 
2400,130,793503,2488298,-11.44,Bathy, 
2400,137,793498,2488294,-11.17,Bathy, 
2400,141,793495,2488291,-11.01,Bathy, 
2400,146,793491,2488288,-10.86,Bathy, 
2400,152,793487,2488284,-10.59,Bathy, 
2400,155,793484,2488282,-9.63,Bathy, 
2400,159,793481,2488279,-8.75,Bathy, 
2400,165,793477,2488275,-10.07,Bathy, 
2400,171,793473,2488271,-9.71,Bathy, 
2400,176,793469,2488268,-9.37,Bathy, 
2400,182,793464,2488264,-9.09,Bathy, 
2400,186,793461,2488261,-8.95,Bathy, 
2400,193,793456,2488256,-8.68,Bathy, 
2400,198,793452,2488253,-8.44,Bathy, 
2400,205,793447,2488248,-8.2,Bathy, 
2400,210,793443,2488245,-8.11,Bathy, 
2400,217,793438,2488241,-7.87,Bathy, 
2400,224,793433,2488236,-7.79,Bathy, 
2400,229,793429,2488233,-7.59,Bathy, 
2400,237,793423,2488228,-7.53,Bathy, 
2400,244,793418,2488223,-7.42,Bathy, 
2400,249,793414,2488219,-7.33,Bathy, 
2400,258,793408,2488213,-7.21,Bathy, 
2400,265,793402,2488209,-7,Bathy, 
2400,272,793397,2488204,-6.92,Bathy, 
2400,278,793393,2488200,-6.73,Bathy, 
2400,283,793389,2488197,-6.68,Bathy, 
2400,288,793385,2488193,-6.58,Bathy, 
2400,293,793381,2488190,-6.53,Bathy, 
2400,299,793377,2488186,-6.46,Bathy, 
2400,302,793374,2488184,-5.58,Bathy, 
2400,310,793369,2488179,-5.36,Bathy, 
2400,316,793364,2488175,-5.36,Bathy, 
2400,322,793359,2488171,-5.34,Bathy, 
2400,329,793354,2488166,-5.19,Bathy, 
2400,335,793350,2488162,-5.08,Bathy, 
2400,342,793345,2488157,-4.93,Bathy, 
2400,350,793339,2488152,-4.91,Bathy, 
2400,355,793335,2488149,-4.81,Bathy, 
2400,360,793331,2488146,-4.62,Bathy, 
2400,366,793327,2488141,-4.73,Bathy, 
2400,371,793323,2488138,-4.63,Bathy, 
2400,376,793319,2488135,-4.69,Bathy, 
2400,379,793317,2488133,-5.27,Bathy, 
2400,385,793312,2488129,-5.27,Bathy, 
2400,391,793308,2488125,-5.24,Bathy, 
2400,397,793304,2488121,-5.37,Bathy, 
2400,397,793304,2488121,-4.32,Bathy, 
2400,402,793300,2488118,-4.34,Bathy, 
2400,415,793290,2488109,-4.08,Bathy, 
2400,421,793286,2488105,-4.18,Bathy, 
2400,429,793280,2488100,-3.96,Bathy, 
2400,436,793275,2488095,-3.76,Bathy, 
2400,443,793269,2488091,-3.89,Bathy, 
2400,448,793265,2488087,-3.75,Bathy, 
2400,454,793261,2488083,-3.84,Bathy, 
2400,460,793256,2488079,-4.63,Bathy, 
2400,463,793254,2488077,-3.68,Bathy, 
2400,466,793252,2488075,-4.48,Bathy, 
2400,470,793249,2488073,-4.27,Bathy, 
2400,475,793245,2488069,-4.45,Bathy, 
2400,482,793240,2488065,-4.33,Bathy, 
2400,487,793236,2488061,-4.42,Bathy, 
2400,493,793232,2488057,-4.37,Bathy, 
2400,499,793227,2488053,-4.45,Bathy, 
2400,506,793222,2488049,-4.34,Bathy, 
2400,513,793217,2488044,-3.79,Bathy, 
2400,521,793211,2488039,-3.01,Bathy, 
2400,525,793208,2488036,-2.01,Bathy, 
2400,527,793206,2488035,-2.65,Bathy, 
2400,533,793202,2488031,-2.43,Bathy, 
2400,538,793198,2488028,-2.38,Bathy, 
2400,544,793194,2488023,-1.96,Bathy, 
2400,549,793190,2488020,-1.33,Bathy, 
2400,553,793187,2488017,-0.51,Bathy, 
2400,560,793182,2488013,0.17,Bathy, 
2400,565,793178,2488010,0.49,Bathy, 
2400,569,793175,2488007,0.75,Bathy, 
2400,573,793172,2488004,0.94,Bathy, 
,,,,,,
2500,0,793505,2488452,3.282,Land,Bank
2500,3,793503,2488450,3.379,Land, 
2500,4,793502,2488449,3.254,Land, 
2500,8,793499,2488447,2.944,Land, 
2500,10,793498,2488445,2.829,Land, 
2500,13,793496,2488443,2.743,RBT, 
2500,15,793494,2488442,1.784,Slope, 
2500,18,793492,2488440,1.576,Slope, 
2500,19,793491,2488439,1.192,Slope, 
2500,21,793490,2488438,0.961,WL, 
2500,21,793490,2488438,0.426,Sounding, 
2500,23,793488,2488436,0.034,Sounding, 
2500,25,793487,2488435,-2.009,Sounding, 
2500,26,793486,2488434,-2.339,Sounding, 
2500,28,793485,2488433,-2.911,Sounding, 
2500,29,793484,2488432,-3.034,Sounding, 
2500,30,793483,2488431,-3.161,Sounding, 
2500,33,793481,2488429,-3.61,Bathy, 
2500,35,793480,2488428,-4.47,Bathy, 
2500,37,793478,2488427,-5.23,Bathy, 
2500,40,793476,2488425,-7.09,Bathy, 
2500,42,793474,2488423,-8.24,Bathy, 
2500,47,793471,2488420,-9.28,Bathy, 
2500,49,793469,2488419,-10.32,Bathy, 
2500,52,793467,2488416,-11.36,Bathy, 
2500,56,793464,2488414,-12.4,Bathy, 
2500,59,793462,2488411,-12.98,Bathy, 
2500,63,793459,2488409,-13.42,Bathy, 
2500,67,793456,2488406,-13.7,Bathy, 
2500,71,793453,2488403,-13.65,Bathy, 
2500,78,793448,2488399,-14.13,Bathy, 
2500,82,793445,2488396,-14.59,Bathy, 
2500,86,793442,2488393,-15.03,Bathy, 
2500,90,793439,2488391,-15.35,Bathy, 
2500,95,793436,2488387,-15.23,Bathy, 
2500,100,793432,2488383,-15.12,Bathy, 
2500,107,793427,2488379,-14.83,Bathy, 
2500,113,793422,2488375,-14.41,Bathy, 
2500,119,793418,2488371,-13.89,Bathy, 
2500,123,793415,2488368,-13.65,Bathy, 
2500,129,793411,2488364,-13.27,Bathy, 
2500,134,793407,2488361,-12.89,Bathy, 
2500,139,793403,2488357,-12.51,Bathy, 
2500,145,793399,2488353,-12.03,Bathy, 
2500,152,793394,2488348,-11.67,Bathy, 
2500,156,793391,2488345,-11.22,Bathy, 
2500,163,793386,2488341,-10.77,Bathy, 
2500,167,793383,2488338,-10.36,Bathy, 
2500,173,793378,2488334,-9.95,Bathy, 
2500,179,793374,2488330,-9.62,Bathy, 
2500,186,793369,2488325,-9.46,Bathy, 
2500,193,793364,2488320,-9.13,Bathy, 
2500,199,793360,2488316,-8.94,Bathy, 
2500,203,793357,2488313,-8.72,Bathy, 
2500,211,793351,2488308,-8.49,Bathy, 
2500,219,793345,2488303,-8.3,Bathy, 
2500,223,793342,2488300,-8.02,Bathy, 
2500,230,793337,2488295,-7.75,Bathy, 
2500,237,793332,2488290,-7.51,Bathy, 
2500,243,793327,2488286,-7.3,Bathy, 
2500,249,793323,2488282,-6.87,Bathy, 
2500,255,793319,2488278,-6.9,Bathy, 
2500,261,793314,2488274,-6.72,Bathy, 
2500,267,793310,2488270,-6.58,Bathy, 
2500,272,793306,2488266,-6.23,Bathy, 
2500,279,793301,2488261,-6.2,Bathy, 
2500,286,793296,2488257,-6.03,Bathy, 
2500,293,793291,2488252,-5.96,Bathy, 
2500,299,793287,2488248,-5.81,Bathy, 
2500,304,793283,2488245,-5.48,Bathy, 
2500,311,793278,2488240,-5.46,Bathy, 
2500,318,793273,2488235,-5.25,Bathy, 
2500,325,793267,2488230,-5.02,Bathy, 
2500,331,793263,2488226,-4.9,Bathy, 
2500,338,793258,2488221,-4.87,Bathy, 
2500,344,793254,2488217,-4.91,Bathy, 
2500,350,793249,2488213,-4.71,Bathy, 
2500,355,793245,2488210,-4.65,Bathy, 
2500,362,793241,2488205,-4.61,Bathy, 
2500,369,793236,2488200,-4.34,Bathy, 
2500,375,793231,2488196,-4.12,Bathy, 
2500,382,793226,2488191,-4.29,Bathy, 
2500,388,793222,2488187,-4.21,Bathy, 
2500,394,793217,2488183,-4.2,Bathy, 
2500,399,793213,2488180,-4.02,Bathy, 
2500,405,793209,2488176,-4,Bathy, 
2500,411,793205,2488171,-3.93,Bathy, 
2500,417,793200,2488168,-3.93,Bathy, 
2500,422,793196,2488164,-3.89,Bathy, 
2500,429,793192,2488159,-4.05,Bathy, 
2500,435,793187,2488155,-4.13,Bathy, 
2500,441,793183,2488151,-4.25,Bathy, 
2500,446,793179,2488148,-4.39,Bathy, 
2500,453,793174,2488143,-4.38,Bathy, 
2500,458,793170,2488139,-4.53,Bathy, 
2500,465,793165,2488135,-4.51,Bathy, 
2500,471,793161,2488131,-4.16,Bathy, 
2500,478,793156,2488126,-4.93,Bathy, 
2500,484,793151,2488122,-2.89,Bathy, 
2500,490,793147,2488118,-2.72,Bathy, 
2500,494,793144,2488115,-2.47,Bathy, 
2500,498,793141,2488112,-2.37,Bathy, 
2500,501,793139,2488110,-2.28,Bathy, 
2500,504,793136,2488108,-2.12,Bathy, 
2500,508,793134,2488105,-1.95,Bathy, 
2500,511,793132,2488103,-1.75,Bathy, 
2500,514,793129,2488101,-1.59,Bathy, 
2500,519,793126,2488098,-1.41,Bathy, 
2500,520,793125,2488097,-1.22,Bathy, 
2500,521,793124,2488096,-0.96,Bathy, 
,,,,,,
2600,0,793412,2488520,1.722,Land,Bank
2600,1,793411,2488519,2.117,Land, 
2600,3,793410,2488518,2.907,Land, 
2600,4,793409,2488517,4.022,Land, 
2600,8,793406,2488515,4.026,RBT, 
2600,11,793404,2488512,2.876,Slope, 
2600,13,793403,2488511,2.559,Slope, 
2600,15,793401,2488510,2.082,Slope, 
2600,17,793400,2488508,1.229,Slope, 
2600,18,793399,2488508,0.962,WL, 
2600,18,793399,2488507,0.662,Sounding, 
2600,21,793397,2488505,0.452,Sounding, 
2600,23,793396,2488504,0.202,Sounding, 
2600,25,793394,2488503,-0.928,Sounding, 
2600,28,793392,2488501,-1.638,Sounding, 
2600,32,793389,2488498,-0.35,Bathy, 
2600,34,793387,2488497,-1.76,Bathy, 
2600,37,793385,2488494,-2.74,Bathy, 
2600,40,793383,2488492,-3.52,Bathy, 
2600,43,793381,2488490,-4.79,Bathy, 
2600,47,793378,2488487,-5.8,Bathy, 
2600,50,793376,2488485,-6.97,Bathy, 
2600,53,793374,2488483,-7.88,Bathy, 
2600,59,793370,2488479,-9.14,Bathy, 
2600,63,793367,2488476,-10.49,Bathy, 
2600,66,793365,2488474,-12.06,Bathy, 
2600,71,793361,2488470,-13.39,Bathy, 
2600,77,793357,2488466,-14.43,Bathy, 
2600,81,793354,2488463,-14.95,Bathy, 
2600,86,793351,2488460,-15.32,Bathy, 
2600,91,793347,2488456,-15.38,Bathy, 
2600,95,793344,2488453,-15.41,Bathy, 
2600,100,793341,2488450,-15.3,Bathy, 
2600,103,793339,2488448,-15.24,Bathy, 
2600,107,793336,2488445,-15.13,Bathy, 
2600,111,793333,2488442,-15.02,Bathy, 
2600,115,793330,2488439,-14.81,Bathy, 
2600,117,793329,2488438,-14.63,Bathy, 
2600,120,793327,2488436,-14.45,Bathy, 
2600,122,793325,2488434,-14.29,Bathy, 
2600,127,793322,2488431,-14.12,Bathy, 
2600,131,793319,2488428,-13.92,Bathy, 
2600,136,793315,2488424,-13.77,Bathy, 
2600,141,793312,2488421,-13.58,Bathy, 
2600,146,793308,2488417,-13.38,Bathy, 
2600,151,793305,2488414,-13.2,Bathy, 
2600,157,793300,2488410,-12.98,Bathy, 
2600,163,793296,2488406,-12.89,Bathy, 
2600,170,793291,2488401,-12.47,Bathy, 
2600,176,793287,2488396,-12.31,Bathy, 
2600,182,793282,2488392,-12.13,Bathy, 
2600,190,793277,2488387,-11.84,Bathy, 
2600,194,793274,2488383,-11.59,Bathy, 
2600,200,793270,2488379,-11.37,Bathy, 
2600,207,793265,2488374,-11.13,Bathy, 
2600,214,793260,2488370,-10.83,Bathy, 
2600,219,793256,2488366,-10.56,Bathy, 
2600,226,793252,2488361,-10.25,Bathy, 
2600,232,793247,2488357,-10.14,Bathy, 
2600,238,793243,2488353,-9.68,Bathy, 
2600,243,793239,2488349,-9.36,Bathy, 
,,,,,,
2700,0,793299,2488601,1.601,Land,Bank
2700,3,793297,2488599,2.031,Land, 
2700,5,793295,2488598,2.631,Land, 
2700,8,793293,2488595,3.671,Land, 
2700,10,793292,2488594,3.961,Land, 
2700,13,793290,2488592,3.771,Land, 
2700,15,793289,2488590,3.521,Land, 
2700,18,793287,2488588,3.89,Land, 
2700,21,793285,2488586,2.501,Land, 
2700,22,793284,2488585,1.856,Land, 
2700,25,793282,2488583,1.491,Land, 
2700,27,793281,2488581,1.511,Land, 
2700,30,793279,2488579,2.391,Land, 
2700,33,793277,2488577,2.471,Land, 
2700,35,793275,2488575,2.391,RBT, 
2700,37,793274,2488574,2.091,Slope, 
2700,39,793273,2488572,1.664,Slope, 
2700,40,793272,2488571,0.986,WL, 
2700,41,793271,2488571,0.506,Sounding, 
2700,42,793271,2488570,0.196,Sounding, 
2700,45,793269,2488568,-0.513,Sounding, 
2700,46,793268,2488567,-1.014,Sounding, 
2700,51,793265,2488563,0.3,Bathy, 
2700,52,793264,2488563,0.1,Bathy, 
2700,52,793264,2488562,-0.14,Bathy, 
2700,54,793263,2488561,-0.95,Bathy, 
2700,55,793262,2488560,-2.04,Bathy, 
2700,57,793261,2488559,-2.66,Bathy, 
2700,60,793259,2488556,-2.6,Bathy, 
2700,62,793257,2488555,-2.65,Bathy, 
2700,64,793256,2488553,-4.62,Bathy, 
2700,66,793255,2488552,-6.06,Bathy, 
2700,69,793253,2488550,-6.91,Bathy, 
2700,72,793251,2488548,-8.04,Bathy, 
2700,74,793249,2488546,-9.3,Bathy, 
2700,77,793247,2488544,-10.3,Bathy, 
2700,81,793245,2488541,-11.3,Bathy, 
2700,83,793244,2488539,-11.99,Bathy, 
2700,86,793241,2488537,-12.77,Bathy, 
2700,90,793239,2488534,-13.44,Bathy, 
2700,93,793237,2488532,-14.07,Bathy, 
2700,96,793235,2488530,-14.6,Bathy, 
2700,99,793233,2488527,-15.14,Bathy, 
2700,103,793230,2488525,-15.68,Bathy, 
2700,107,793228,2488521,-16.22,Bathy, 
2700,110,793225,2488519,-16.56,Bathy, 
2700,115,793222,2488516,-16.42,Bathy, 
2700,118,793220,2488513,-16.31,Bathy, 
2700,122,793217,2488510,-16.16,Bathy, 
2700,127,793214,2488507,-16,Bathy, 
2700,130,793212,2488504,-15.66,Bathy, 
2700,135,793209,2488501,-15.39,Bathy, 
2700,139,793206,2488498,-15.25,Bathy, 
2700,142,793204,2488495,-15.13,Bathy, 
2700,146,793202,2488492,-14.92,Bathy, 
2700,151,793198,2488489,-14.74,Bathy, 
2700,156,793195,2488485,-14.59,Bathy, 
2700,161,793191,2488481,-14.35,Bathy, 
2700,166,793188,2488477,-14.24,Bathy, 
2700,173,793183,2488472,-14.03,Bathy, 
2700,180,793179,2488467,-13.85,Bathy, 
2700,186,793175,2488463,-13.75,Bathy, 
2700,192,793171,2488458,-13.73,Bathy, 
2700,199,793166,2488453,-13.61,Bathy, 
2700,205,793162,2488448,-13.6,Bathy, 
2700,211,793158,2488444,-13.51,Bathy, 
2700,217,793154,2488439,-13.31,Bathy, 
2700,224,793150,2488434,-13.3,Bathy, 
2700,229,793146,2488430,-13.13,Bathy, 
2700,236,793142,2488425,-13.06,Bathy, 
2700,243,793137,2488420,-12.94,Bathy, 
2700,249,793133,2488415,-12.72,Bathy, 
2700,254,793130,2488412,-12.45,Bathy, 
2700,259,793126,2488408,-11.98,Bathy, 
2700,266,793122,2488403,-11.71,Bathy, 
2700,268,793121,2488401,-11.26,Bathy, 
2700,272,793118,2488398,-10.89,Bathy, 
2700,273,793117,2488398,-10.46,Bathy, 
,,,,,,
2800,0,793172,2488645,2.376,Land,Bank
2800,5,793169,2488641,2.426,Land, 
2800,10,793166,2488637,2.476,Land, 
2800,15,793163,2488633,2.486,Land, 
2800,20,793160,2488629,2.506,Land, 
2800,23,793158,2488627,2.546,Land, 
2800,26,793156,2488625,2.636,Land, 
2800,28,793155,2488623,2.727,RBT, 
2800,29,793154,2488622,1.816,Slope, 
2800,31,793153,2488621,0.996,WL, 
2800,31,793153,2488620,0.356,Sounding, 
2800,32,793152,2488620,-0.004,Sounding, 
2800,33,793151,2488619,-1.004,Sounding, 
2800,34,793151,2488618,-1.594,Sounding, 
2800,36,793150,2488617,-1.704,Sounding, 
2800,42,793146,2488612,-4.67,Bathy, 
2800,47,793143,2488608,-6.18,Bathy, 
2800,51,793140,2488605,-8.06,Bathy, 
2800,53,793139,2488603,-10.92,Bathy, 
2800,58,793136,2488600,-13.08,Bathy, 
2800,63,793133,2488596,-14.94,Bathy, 
2800,66,793131,2488593,-15.99,Bathy, 
2800,70,793128,2488590,-16.17,Bathy, 
2800,77,793124,2488585,-16.27,Bathy, 
2800,80,793122,2488582,-16.37,Bathy, 
2800,85,793119,2488579,-16.47,Bathy, 
2800,87,793117,2488577,-16.57,Bathy, 
2800,90,793116,2488574,-16.67,Bathy, 
2800,93,793114,2488572,-16.74,Bathy, 
2800,96,793112,2488570,-16.73,Bathy, 
2800,97,793111,2488569,-16.55,Bathy, 
2800,100,793110,2488567,-16.35,Bathy, 
2800,102,793109,2488565,-16.16,Bathy, 
2800,103,793108,2488564,-15.96,Bathy, 
2800,107,793105,2488562,-15.77,Bathy, 
2800,110,793104,2488559,-15.93,Bathy, 
2800,114,793101,2488556,-15.98,Bathy, 
2800,117,793099,2488554,-16.05,Bathy, 
2800,120,793097,2488551,-16.06,Bathy, 
2800,123,793095,2488549,-16.05,Bathy, 
2800,128,793092,2488545,-16.1,Bathy, 
2800,131,793090,2488543,-15.97,Bathy, 
2800,134,793088,2488540,-15.98,Bathy, 
2800,136,793087,2488539,-15.94,Bathy, 
2800,139,793085,2488536,-15.93,Bathy, 
2800,141,793084,2488535,-15.93,Bathy, 
2800,144,793082,2488533,-15.95,Bathy, 
2800,146,793081,2488531,-15.87,Bathy, 
2800,147,793080,2488530,-15.86,Bathy, 
2800,149,793079,2488529,-15.76,Bathy, 
2800,151,793078,2488527,-15.69,Bathy, 
2800,154,793076,2488525,-15.67,Bathy, 
2800,155,793075,2488524,-15.63,Bathy, 
2800,159,793073,2488521,-15.59,Bathy, 
2800,163,793070,2488518,-15.58,Bathy, 
2800,165,793069,2488516,-15.49,Bathy, 
2800,169,793066,2488513,-15.5,Bathy, 
2800,173,793064,2488510,-15.54,Bathy, 
2800,176,793062,2488507,-15.56,Bathy, 
2800,182,793058,2488503,-15.63,Bathy, 
2800,186,793056,2488500,-15.68,Bathy, 
2800,190,793053,2488497,-15.78,Bathy, 
2800,195,793050,2488493,-15.84,Bathy, 
2800,198,793048,2488490,-15.9,Bathy, 
2800,203,793045,2488487,-16,Bathy, 
2800,206,793043,2488484,-16.1,Bathy, 
2800,211,793040,2488481,-16.11,Bathy, 
2800,215,793038,2488477,-16.11,Bathy, 
2800,220,793035,2488473,-16.05,Bathy, 
2800,224,793032,2488470,-15.96,Bathy, 
2800,229,793029,2488466,-15.75,Bathy, 
2800,234,793026,2488462,-15.43,Bathy, 
2800,240,793022,2488458,-15.02,Bathy, 
2800,245,793019,2488454,-14.47,Bathy, 
2800,249,793016,2488451,-13.77,Bathy, 
2800,254,793013,2488447,-13.05,Bathy, 
2800,259,793010,2488443,-12.38,Bathy, 
,,,,,,
2900,0,793064,2488683,1.712,Land,Bank
2900,5,793061,2488679,1.852,Land, 
2900,8,793059,2488677,1.912,Land, 
2900,11,793057,2488675,1.922,Land, 
2900,13,793055,2488673,2.142,Land, 
2900,16,793054,2488671,2.112,Land, 
2900,18,793052,2488669,2.048,RBT, 
2900,18,793052,2488669,1.854,Slope, 
2900,20,793051,2488668,1.491,Slope, 
2900,21,793050,2488667,1.061,WL, 
2900,22,793050,2488666,0.601,Sounding, 
2900,23,793049,2488665,0.271,Sounding, 
2900,24,793048,2488665,0.111,Sounding, 
2900,25,793048,2488664,-0.139,Sounding, 
2900,26,793047,2488663,-1.139,Sounding, 
2900,33,793044,2488657,-3.36,Bathy, 
2900,33,793045,2488656,-2.17,Bathy, 
2900,34,793042,2488657,-4,Bathy, 
2900,35,793041,2488656,-4.51,Bathy, 
2900,38,793039,2488654,-5.66,Bathy, 
2900,40,793038,2488652,-7.48,Bathy, 
2900,42,793035,2488652,-8.79,Bathy, 
2900,45,793034,2488649,-10.11,Bathy, 
2900,50,793031,2488646,-11.42,Bathy, 
2900,52,793029,2488645,-12.96,Bathy, 
2900,55,793028,2488642,-15,Bathy, 
2900,57,793027,2488639,-15.39,Bathy, 
2900,61,793025,2488636,-16.19,Bathy, 
2900,65,793023,2488633,-17.01,Bathy, 
2900,68,793021,2488630,-17.6,Bathy, 
2900,72,793019,2488627,-18.14,Bathy, 
2900,76,793016,2488624,-18.37,Bathy, 
2900,80,793013,2488621,-18.43,Bathy, 
2900,84,793012,2488617,-18.5,Bathy, 
2900,88,793010,2488614,-18.65,Bathy, 
2900,93,793008,2488609,-18.39,Bathy, 
2900,97,793006,2488605,-18.13,Bathy, 
2900,102,793004,2488600,-18.02,Bathy, 
2900,107,793001,2488596,-17.83,Bathy, 
2900,113,792997,2488592,-17.74,Bathy, 
2900,118,792993,2488589,-17.56,Bathy, 
2900,123,792989,2488585,-17.32,Bathy, 
2900,128,792986,2488581,-17.28,Bathy, 
2900,133,792983,2488577,-17.04,Bathy, 
2900,138,792980,2488573,-16.96,Bathy, 
2900,144,792978,2488568,-16.92,Bathy, 
2900,149,792975,2488563,-16.87,Bathy, 
2900,154,792972,2488559,-16.94,Bathy, 
2900,159,792969,2488555,-16.89,Bathy, 
2900,164,792966,2488552,-16.91,Bathy, 
2900,168,792962,2488549,-17.08,Bathy, 
2900,173,792959,2488546,-17.24,Bathy, 
2900,178,792955,2488542,-17.39,Bathy, 
2900,184,792951,2488538,-17.67,Bathy, 
2900,189,792947,2488535,-18.01,Bathy, 
2900,194,792943,2488531,-18.33,Bathy, 
2900,199,792940,2488527,-18.5,Bathy, 
2900,205,792936,2488523,-18.33,Bathy, 
2900,210,792933,2488519,-18.07,Bathy, 
2900,213,792931,2488516,-17.73,Bathy, 
2900,219,792927,2488512,-17.37,Bathy, 
2900,223,792924,2488509,-16.98,Bathy, 
2900,228,792920,2488506,-16.68,Bathy, 
2900,233,792916,2488503,-16.21,Bathy, 
2900,236,792913,2488501,-15.48,Bathy, 
2900,241,792907,2488500,-14.86,Bathy, 
2900,244,792906,2488497,-14.53,Bathy, 
2900,246,792904,2488496,-14.28,Bathy, 
2900,249,792903,2488493,-14.13,Bathy, 
2900,253,792901,2488490,-14.04,Bathy, 
2900,256,792900,2488486,-13.81,Bathy, 
2900,259,792899,2488483,-13.43,Bathy, 
2900,262,792899,2488479,-12.89,Bathy, 
2900,266,792900,2488474,-11.75,Bathy, 
2900,268,792902,2488470,-10.17,Bathy, 
2900,272,792899,2488467,-8.85,Bathy, 
,,,,,,
3000,0,792961,2488756,3.243,Land,Bank
3000,3,792960,2488753,3.323,Land, 
3000,6,792958,2488751,3.103,Land, 
3000,8,792957,2488749,2.713,Land, 
3000,11,792955,2488747,2.683,Land, 
3000,13,792954,2488745,2.633,Land, 
3000,16,792952,2488743,2.443,Land, 
3000,17,792952,2488742,2.173,RBT, 
3000,18,792951,2488741,1.07,WL, 
3000,19,792951,2488740,0.48,Sounding, 
3000,20,792950,2488739,0.21,Sounding, 
3000,21,792950,2488738,-0.13,Sounding, 
3000,22,792949,2488738,-1.07,Sounding, 
3000,30,792955,2488727,-2.75,Bathy, 
3000,31,792953,2488726,-3.87,Bathy, 
3000,33,792950,2488725,-5.63,Bathy, 
3000,35,792948,2488723,-6.91,Bathy, 
3000,38,792945,2488722,-7.56,Bathy, 
3000,40,792941,2488721,-9.39,Bathy, 
3000,43,792939,2488719,-11.05,Bathy, 
3000,45,792939,2488717,-12.71,Bathy, 
3000,48,792937,2488714,-14.38,Bathy, 
3000,51,792935,2488712,-15.03,Bathy, 
3000,52,792934,2488711,-15.73,Bathy, 
3000,57,792932,2488707,-15.89,Bathy, 
3000,61,792930,2488704,-15.99,Bathy, 
3000,64,792928,2488701,-16.54,Bathy, 
3000,68,792926,2488698,-16.68,Bathy, 
3000,73,792923,2488694,-16.88,Bathy, 
3000,76,792921,2488691,-16.83,Bathy, 
3000,80,792919,2488688,-16.83,Bathy, 
3000,84,792916,2488685,-16.82,Bathy, 
3000,89,792913,2488681,-16.65,Bathy, 
3000,92,792912,2488678,-16.7,Bathy, 
3000,96,792910,2488675,-16.92,Bathy, 
3000,100,792908,2488671,-16.98,Bathy, 
3000,105,792906,2488667,-17.06,Bathy, 
3000,109,792904,2488663,-17.18,Bathy, 
3000,114,792902,2488659,-17.27,Bathy, 
3000,117,792900,2488656,-17.29,Bathy, 
3000,122,792898,2488652,-17.19,Bathy, 
3000,126,792896,2488648,-17.24,Bathy, 
3000,130,792893,2488645,-17.13,Bathy, 
3000,134,792890,2488642,-17.17,Bathy, 
3000,139,792887,2488638,-17.18,Bathy, 
3000,145,792884,2488633,-17.11,Bathy, 
3000,149,792881,2488630,-17.03,Bathy, 
3000,153,792881,2488625,-17,Bathy, 
3000,158,792880,2488620,-16.88,Bathy, 
3000,164,792878,2488614,-17.05,Bathy, 
3000,168,792877,2488610,-17.2,Bathy, 
3000,172,792876,2488606,-17.46,Bathy, 
3000,176,792874,2488603,-17.67,Bathy, 
3000,182,792869,2488599,-18,Bathy, 
3000,186,792865,2488597,-18.34,Bathy, 
3000,190,792861,2488594,-18.69,Bathy, 
3000,194,792857,2488592,-18.95,Bathy, 
3000,199,792853,2488589,-19.25,Bathy, 
3000,204,792848,2488586,-19.46,Bathy, 
3000,209,792845,2488582,-19.52,Bathy, 
3000,215,792841,2488578,-19.7,Bathy, 
3000,220,792838,2488574,-19.9,Bathy, 
3000,224,792837,2488569,-20.15,Bathy, 
3000,230,792834,2488564,-20.26,Bathy, 
3000,234,792833,2488560,-20.17,Bathy, 
3000,237,792833,2488557,-20.06,Bathy, 
3000,242,792830,2488553,-19.53,Bathy, 
3000,245,792826,2488551,-18.57,Bathy, 
3000,250,792822,2488548,-17.41,Bathy, 
3000,256,792816,2488545,-15.56,Bathy, 
3000,262,792813,2488540,-13.72,Bathy, 
3000,267,792811,2488535,-11.87,Bathy, 
3000,272,792809,2488531,-10.38,Bathy, 
3000,275,792808,2488527,-9.09,Bathy, 
3000,277,792806,2488526,-8.18,Bathy, 
3000,280,792805,2488524,-7.35,Bathy, 
3000,282,792803,2488522,-6.72,Bathy, 
3000,286,792799,2488520,-6.26,Bathy, 
3000,289,792796,2488519,-5.91,Bathy, 
3000,290,792793,2488520,-5.65,Bathy, 
3000,292,792790,2488519,-5.33,Bathy, 
3000,294,792788,2488518,-4.69,Bathy, 
3000,298,792786,2488515,-4.3,Bathy, 
3000,306,792781,2488509,-3.85,Bathy, 
3000,309,792780,2488506,-3.25,Bathy, 
3000,312,792778,2488503,-2.92,Bathy, 
3000,314,792777,2488502,-2.51,Bathy, 
3000,315,792776,2488501,-2.13,Bathy, 
3000,316,792774,2488501,-1.68,Bathy, 
3000,319,792771,2488500,-1.32,Bathy, 
3000,319,792769,2488501,-1.05,Bathy, 
3000,320,792766,2488502,-0.87,Bathy, 
,,,,,,
3100,0,792876,2488827,2.214,Land,Bank
3100,2,792875,2488825,2.194,Land, 
3100,6,792873,2488822,1.984,Land, 
3100,7,792873,2488821,1.904,Land, 
3100,8,792872,2488820,2.204,Land, 
3100,10,792871,2488818,3.054,RBT, 
3100,13,792869,2488816,2.054,Slope, 
3100,14,792869,2488815,1.594,Slope, 
3100,15,792868,2488814,1.123,WL, 
3100,17,792867,2488813,0.623,Sounding, 
3100,17,792867,2488812,0.403,Sounding, 
3100,19,792866,2488811,0.253,Sounding, 
3100,20,792866,2488810,0.123,Sounding, 
3100,20,792865,2488810,0.023,Sounding, 
3100,21,792865,2488809,-0.427,Sounding, 
3100,22,792864,2488808,-0.977,Sounding, 
3100,30,792856,2488804,-6.88,Bathy, 
3100,32,792854,2488804,-8.22,Bathy, 
3100,35,792851,2488803,-9.25,Bathy, 
3100,38,792848,2488802,-10.97,Bathy, 
3100,41,792845,2488800,-12.47,Bathy, 
3100,45,792844,2488796,-13.42,Bathy, 
3100,47,792842,2488794,-14.04,Bathy, 
3100,50,792839,2488793,-14.29,Bathy, 
3100,53,792838,2488790,-14.63,Bathy, 
3100,57,792837,2488786,-14.82,Bathy, 
3100,60,792836,2488782,-14.94,Bathy, 
3100,65,792833,2488778,-15.01,Bathy, 
3100,70,792831,2488774,-15.17,Bathy, 
3100,75,792829,2488769,-15.32,Bathy, 
3100,78,792827,2488766,-15.38,Bathy, 
3100,83,792825,2488762,-15.34,Bathy, 
3100,91,792821,2488755,-15.53,Bathy, 
3100,94,792819,2488752,-15.85,Bathy, 
3100,97,792818,2488749,-15.73,Bathy, 
3100,100,792818,2488746,-15.72,Bathy, 
3100,103,792818,2488742,-15.63,Bathy, 
3100,106,792817,2488739,-15.99,Bathy, 
3100,110,792815,2488736,-15.85,Bathy, 
3100,114,792813,2488732,-15.89,Bathy, 
3100,119,792810,2488728,-16.28,Bathy, 
3100,122,792807,2488726,-16.6,Bathy, 
3100,127,792803,2488723,-16.85,Bathy, 
3100,131,792803,2488718,-17.13,Bathy, 
3100,135,792801,2488715,-17.28,Bathy, 
3100,139,792799,2488711,-17.13,Bathy, 
3100,143,792799,2488707,-16.99,Bathy, 
3100,148,792798,2488701,-16.91,Bathy, 
3100,152,792797,2488697,-16.96,Bathy, 
3100,156,792797,2488693,-16.98,Bathy, 
3100,158,792796,2488691,-16.93,Bathy, 
3100,161,792794,2488689,-16.91,Bathy, 
3100,164,792791,2488687,-17.03,Bathy, 
3100,167,792788,2488685,-17.32,Bathy, 
3100,171,792786,2488682,-17.57,Bathy, 
3100,175,792782,2488679,-17.79,Bathy, 
3100,179,792780,2488676,-17.8,Bathy, 
3100,183,792778,2488673,-17.93,Bathy, 
3100,187,792776,2488669,-18.19,Bathy, 
3100,191,792774,2488665,-18.42,Bathy, 
3100,196,792773,2488660,-18.65,Bathy, 
3100,200,792772,2488656,-18.77,Bathy, 
3100,206,792768,2488652,-18.76,Bathy, 
3100,210,792765,2488649,-19.09,Bathy, 
3100,215,792762,2488645,-19.2,Bathy, 
3100,220,792759,2488641,-18.97,Bathy, 
3100,226,792756,2488636,-17.74,Bathy, 
3100,231,792754,2488631,-16.35,Bathy, 
,,,,,,
3200,0,792805,2488904,2.801,Land,Bank
3200,4,792803,2488900,3.051,Land, 
3200,7,792802,2488898,2.481,Land, 
3200,10,792800,2488895,2.211,RBT, 
3200,13,792799,2488893,2.071,Slope, 
3200,15,792798,2488891,1.891,Slope, 
3200,17,792796,2488889,1.781,Slope, 
3200,19,792795,2488888,1.597,Slope, 
3200,20,792795,2488887,1.233,WL, 
3200,21,792794,2488886,0.733,Sounding, 
3200,22,792794,2488885,0.543,Sounding, 
3200,23,792793,2488884,0.323,Sounding, 
3200,23,792793,2488884,-0.107,Sounding, 
3200,25,792792,2488883,-0.567,Sounding, 
3200,29,792800,2488875,-0.61,Bathy, 
3200,30,792798,2488875,-1.6,Bathy, 
3200,32,792798,2488873,-1.91,Bathy, 
3200,34,792796,2488871,-3.27,Bathy, 
3200,36,792794,2488870,-4.55,Bathy, 
3200,38,792793,2488868,-5.61,Bathy, 
3200,41,792791,2488865,-6.62,Bathy, 
3200,44,792789,2488863,-7.61,Bathy, 
3200,46,792788,2488861,-9.09,Bathy, 
3200,50,792786,2488858,-10.29,Bathy, 
3200,53,792784,2488855,-11.28,Bathy, 
3200,56,792783,2488852,-11.87,Bathy, 
3200,60,792781,2488849,-12.68,Bathy, 
3200,64,792779,2488846,-13.42,Bathy, 
3200,67,792778,2488843,-13.75,Bathy, 
3200,70,792776,2488840,-14.22,Bathy, 
3200,73,792774,2488838,-14.12,Bathy, 
3200,76,792771,2488836,-14.15,Bathy, 
3200,80,792768,2488833,-14.2,Bathy, 
3200,86,792765,2488828,-14.22,Bathy, 
3200,90,792762,2488825,-14.41,Bathy, 
3200,95,792759,2488821,-14.62,Bathy, 
3200,99,792757,2488817,-14.77,Bathy, 
3200,104,792755,2488813,-14.89,Bathy, 
3200,109,792752,2488809,-15.02,Bathy, 
3200,114,792749,2488805,-15.52,Bathy, 
3200,120,792746,2488799,-15.74,Bathy, 
3200,125,792743,2488795,-15.75,Bathy, 
3200,129,792741,2488792,-15.98,Bathy, 
3200,133,792739,2488788,-16.3,Bathy, 
3200,137,792738,2488784,-16.82,Bathy, 
3200,142,792735,2488781,-17.62,Bathy, 
3200,145,792733,2488778,-18.58,Bathy, 
3200,150,792730,2488774,-19.53,Bathy, 
3200,154,792727,2488771,-21.22,Bathy, 
3200,159,792723,2488768,-21.4,Bathy, 
3200,162,792721,2488765,-21.54,Bathy, 
3200,167,792719,2488761,-19.88,Bathy, 
3200,170,792717,2488758,-17.25,Bathy, 
3200,176,792713,2488754,-15.3,Bathy, 
3200,181,792711,2488749,-15.24,Bathy, 
3200,186,792709,2488745,-15.15,Bathy, 
3200,190,792706,2488742,-15.12,Bathy, 
3200,194,792704,2488738,-15.05,Bathy, 
3200,199,792702,2488734,-14.94,Bathy, 
3200,203,792699,2488731,-14.81,Bathy, 
3200,207,792696,2488728,-14.87,Bathy, 
3200,212,792693,2488724,-15,Bathy, 
3200,216,792691,2488721,-15.06,Bathy, 
3200,221,792688,2488717,-14.95,Bathy, 
3200,225,792685,2488714,-15.06,Bathy, 
3200,230,792682,2488710,-15.18,Bathy, 
3200,236,792679,2488705,-14.93,Bathy, 
3200,240,792675,2488702,-14.36,Bathy, 
3200,244,792672,2488700,-14.13,Bathy, 
3200,247,792670,2488697,-13.94,Bathy, 
3200,251,792667,2488694,-13.77,Bathy, 
3200,254,792667,2488691,-13.48,Bathy, 
3200,258,792667,2488686,-13.46,Bathy, 
3200,261,792669,2488681,-13.18,Bathy, 
,,,,,,
3300,0,792747,2488974,3.644,Land,Bank
3300,3,792745,2488972,3.724,Land, 
3300,5,792744,2488970,3.904,Land, 
3300,7,792743,2488968,3.344,Land, 
3300,10,792741,2488966,2.854,Land, 
3300,12,792740,2488964,2.994,Land, 
3300,14,792739,2488962,1.754,Land, 
3300,14,792739,2488962,1.954,Land, 
3300,17,792738,2488960,2.456,RBT, 
3300,19,792736,2488958,1.694,Slope, 
3300,20,792736,2488957,1.288,WL, 
3300,21,792735,2488957,0.848,Sounding, 
3300,22,792735,2488956,0.588,Sounding, 
3300,23,792734,2488955,0.338,Sounding, 
3300,24,792734,2488954,0.088,Sounding, 
3300,25,792733,2488953,-0.192,Sounding, 
3300,33,792732,2488945,-6.57,Bathy, 
3300,35,792729,2488944,-7.76,Bathy, 
3300,37,792726,2488943,-8.91,Bathy, 
3300,40,792723,2488942,-10.37,Bathy, 
3300,43,792718,2488942,-11.12,Bathy, 
3300,47,792714,2488941,-10.76,Bathy, 
3300,49,792711,2488941,-11.67,Bathy, 
3300,52,792709,2488938,-12.39,Bathy, 
3300,56,792707,2488935,-13.04,Bathy, 
3300,59,792706,2488932,-13.5,Bathy, 
3300,62,792704,2488930,-13.78,Bathy, 
3300,63,792704,2488928,-14.02,Bathy, 
3300,66,792703,2488925,-14.2,Bathy, 
3300,69,792702,2488922,-14.6,Bathy, 
3300,72,792701,2488919,-14.77,Bathy, 
3300,75,792699,2488916,-15.02,Bathy, 
3300,79,792697,2488913,-15.01,Bathy, 
3300,83,792696,2488909,-14.69,Bathy, 
3300,86,792695,2488905,-14.64,Bathy, 
3300,90,792693,2488902,-14.67,Bathy, 
3300,93,792692,2488899,-14.7,Bathy, 
3300,98,792689,2488895,-14.72,Bathy, 
3300,102,792686,2488892,-14.76,Bathy, 
3300,106,792684,2488889,-14.6,Bathy, 
3300,109,792682,2488886,-14.56,Bathy, 
3300,113,792680,2488883,-14.63,Bathy, 
3300,117,792678,2488880,-14.72,Bathy, 
3300,120,792675,2488878,-14.61,Bathy, 
3300,125,792671,2488875,-14.61,Bathy, 
3300,130,792667,2488872,-14.59,Bathy, 
3300,133,792664,2488870,-14.6,Bathy, 
3300,136,792661,2488868,-14.66,Bathy, 
3300,140,792657,2488867,-14.53,Bathy, 
3300,142,792655,2488866,-14.55,Bathy, 
3300,143,792653,2488866,-14.53,Bathy, 
3300,145,792651,2488865,-14.54,Bathy, 
3300,149,792650,2488861,-14.51,Bathy, 
3300,152,792648,2488859,-14.53,Bathy, 
3300,156,792646,2488855,-14.56,Bathy, 
3300,159,792645,2488852,-14.56,Bathy, 
3300,161,792645,2488849,-14.66,Bathy, 
3300,165,792644,2488845,-14.68,Bathy, 
3300,169,792642,2488841,-15.04,Bathy, 
3300,173,792641,2488837,-15.46,Bathy, 
3300,178,792639,2488832,-15.95,Bathy, 
3300,181,792638,2488829,-16.02,Bathy, 
3300,184,792639,2488825,-15.98,Bathy, 
3300,189,792637,2488820,-15.34,Bathy, 
3300,192,792636,2488817,-14.88,Bathy, 
3300,196,792633,2488814,-14.15,Bathy, 
3300,201,792632,2488809,-13.9,Bathy, 
3300,206,792630,2488805,-13.68,Bathy, 
3300,209,792628,2488802,-13.58,Bathy, 
3300,214,792626,2488798,-13.49,Bathy, 
3300,218,792623,2488795,-13.34,Bathy, 
3300,222,792621,2488791,-13.25,Bathy, 
3300,226,792618,2488788,-13.38,Bathy, 
3300,231,792615,2488785,-13.84,Bathy, 
3300,236,792612,2488781,-12.99,Bathy, 
3300,240,792609,2488778,-12.46,Bathy, 
3300,242,792609,2488775,-12.35,Bathy, 
3300,245,792609,2488771,-12.34,Bathy, 
3300,249,792607,2488768,-12.84,Bathy, 
3300,253,792606,2488764,-13.5,Bathy, 
3300,256,792603,2488762,-13.11,Bathy, 
3300,259,792601,2488760,-12.5,Bathy, 
3300,262,792598,2488758,-11.44,Bathy, 
3300,266,792595,2488756,-11.18,Bathy, 
3300,269,792592,2488754,-10.85,Bathy, 
3300,272,792590,2488752,-10.58,Bathy, 
3300,274,792588,2488751,-10.31,Bathy, 
3300,277,792585,2488749,-9.95,Bathy, 
3300,280,792583,2488747,-9.88,Bathy, 
,,,,,,
3400,0,792696,2489065,2.552,Land,Bank
3400,5,792693,2489061,2.682,Land, 
3400,7,792692,2489059,3.002,Land, 
3400,10,792690,2489057,2.102,Land, 
3400,12,792689,2489055,3.992,Land, 
3400,14,792688,2489053,3.982,Land, 
3400,18,792686,2489050,3.602,RBT, 
3400,19,792685,2489050,2.082,Slope, 
3400,19,792685,2489049,1.32,WL, 
3400,21,792684,2489048,1.04,Sounding, 
3400,22,792684,2489047,0.86,Sounding, 
3400,23,792683,2489046,0.5,Sounding, 
3400,24,792682,2489045,0.37,Sounding, 
3400,24,792682,2489045,-0.18,Sounding, 
3400,26,792681,2489044,-0.78,Sounding, 
3400,35,792686,2489031,-2.13,Bathy, 
3400,36,792685,2489031,-4.38,Bathy, 
3400,36,792684,2489031,-2.76,Bathy, 
3400,38,792683,2489029,-5.49,Bathy, 
3400,41,792681,2489027,-7,Bathy, 
3400,44,792679,2489024,-7.86,Bathy, 
3400,48,792677,2489021,-8.8,Bathy, 
3400,51,792675,2489018,-10.12,Bathy, 
3400,55,792672,2489015,-11.43,Bathy, 
3400,60,792671,2489011,-11.89,Bathy, 
3400,63,792669,2489008,-12.27,Bathy, 
3400,66,792666,2489006,-12.17,Bathy, 
3400,70,792663,2489003,-11.83,Bathy, 
3400,75,792659,2489000,-12.05,Bathy, 
3400,80,792656,2488996,-11.97,Bathy, 
3400,85,792653,2488992,-12.31,Bathy, 
3400,90,792650,2488988,-12.57,Bathy, 
3400,95,792647,2488984,-12.66,Bathy, 
3400,99,792645,2488980,-12.83,Bathy, 
3400,104,792642,2488976,-13.07,Bathy, 
3400,109,792639,2488972,-13.25,Bathy, 
3400,113,792637,2488969,-13.64,Bathy, 
3400,118,792633,2488965,-13.68,Bathy, 
3400,123,792631,2488961,-13.39,Bathy, 
3400,128,792628,2488957,-13.23,Bathy, 
3400,133,792625,2488952,-13.15,Bathy, 
3400,139,792621,2488948,-13.19,Bathy, 
3400,145,792618,2488943,-13.12,Bathy, 
3400,149,792616,2488939,-13.23,Bathy, 
3400,155,792614,2488933,-13.28,Bathy, 
3400,163,792610,2488927,-13.42,Bathy, 
3400,171,792606,2488920,-13.17,Bathy, 
3400,176,792603,2488916,-12.77,Bathy, 
3400,181,792599,2488912,-12.57,Bathy, 
3400,187,792596,2488907,-12.31,Bathy, 
3400,193,792592,2488903,-12.15,Bathy, 
3400,198,792588,2488899,-12.13,Bathy, 
3400,204,792583,2488895,-12.06,Bathy, 
3400,210,792579,2488891,-12.12,Bathy, 
3400,216,792575,2488886,-12.19,Bathy, 
3400,221,792572,2488882,-12.18,Bathy, 
3400,227,792568,2488877,-12.12,Bathy, 
3400,233,792564,2488873,-12.12,Bathy, 
3400,239,792561,2488868,-12.14,Bathy, 
3400,244,792558,2488864,-12.06,Bathy, 
3400,248,792556,2488860,-12.11,Bathy, 
3400,254,792553,2488855,-12.38,Bathy, 
3400,257,792552,2488852,-12.8,Bathy, 
3400,262,792550,2488848,-12.76,Bathy, 
3400,267,792547,2488844,-12.93,Bathy, 
3400,270,792543,2488842,-12.73,Bathy, 
3400,274,792540,2488840,-12.72,Bathy, 
3400,278,792537,2488837,-12.65,Bathy, 
3400,283,792533,2488834,-11.76,Bathy, 
3400,287,792530,2488831,-9.44,Bathy, 
3400,292,792529,2488826,-8.86,Bathy, 
3400,296,792525,2488823,-9.08,Bathy, 
3400,300,792521,2488821,-8.67,Bathy, 
3400,302,792519,2488820,-8.24,Bathy, 
3400,306,792515,2488818,-8.73,Bathy, 
3400,310,792512,2488815,-8.55,Bathy, 
3400,314,792508,2488814,-8.34,Bathy, 
3400,316,792506,2488813,-8.17,Bathy, 
3400,318,792504,2488811,-8.05,Bathy, 
3400,321,792503,2488809,-7.91,Bathy, 
3400,323,792500,2488808,-7.3,Bathy, 
3400,326,792499,2488805,-7.63,Bathy, 
3400,330,792498,2488801,-7.35,Bathy, 
3400,333,792498,2488797,-7.36,Bathy, 
3400,336,792498,2488794,-7.21,Bathy, 
3400,339,792498,2488790,-7.06,Bathy, 
3400,342,792499,2488785,-7.01,Bathy, 
3400,345,792500,2488781,-6.87,Bathy, 
3400,348,792501,2488777,-6.9,Bathy, 
3400,351,792502,2488773,-6.87,Bathy, 
,,,,,,
3500,0,792648,2489160,2.08,Land,Bank
3500,3,792646,2489158,2.29,Land, 
3500,5,792645,2489156,2.278,Land, 
3500,9,792643,2489153,2.26,Land, 
3500,10,792642,2489152,2.27,Land, 
3500,12,792641,2489150,2.34,RBT, 
3500,14,792640,2489149,1.7,Slope, 
3500,15,792639,2489148,1.506,WL, 
3500,16,792639,2489147,1.006,Sounding, 
3500,17,792638,2489146,0.726,Sounding, 
3500,20,792636,2489144,0.556,Sounding, 
3500,22,792635,2489142,0.326,Sounding, 
3500,25,792633,2489140,-0.434,Sounding, 
3500,40,792618,2489134,-8.04,Bathy, 
3500,41,792616,2489134,-8.74,Bathy, 
3500,43,792615,2489133,-9.28,Bathy, 
3500,45,792613,2489132,-9.39,Bathy, 
3500,47,792611,2489131,-9.41,Bathy, 
3500,49,792609,2489130,-9.66,Bathy, 
3500,53,792606,2489127,-9.85,Bathy, 
3500,56,792604,2489125,-9.99,Bathy, 
3500,57,792605,2489122,-10.12,Bathy, 
3500,62,792604,2489117,-10.24,Bathy, 
3500,65,792602,2489114,-10.37,Bathy, 
3500,69,792600,2489111,-10.6,Bathy, 
3500,71,792598,2489109,-10.52,Bathy, 
3500,74,792596,2489107,-10.77,Bathy, 
3500,78,792594,2489104,-10.65,Bathy, 
3500,81,792592,2489101,-10.58,Bathy, 
3500,84,792590,2489099,-10.5,Bathy, 
3500,88,792589,2489095,-10.49,Bathy, 
3500,91,792587,2489093,-10.48,Bathy, 
3500,93,792585,2489091,-10.49,Bathy, 
3500,97,792583,2489088,-10.49,Bathy, 
3500,100,792582,2489085,-10.5,Bathy, 
3500,102,792580,2489084,-10.5,Bathy, 
3500,103,792580,2489082,-10.52,Bathy, 
3500,106,792578,2489080,-10.48,Bathy, 
3500,108,792577,2489078,-10.53,Bathy, 
3500,110,792576,2489077,-10.46,Bathy, 
3500,111,792576,2489075,-10.43,Bathy, 
3500,113,792574,2489075,-10.47,Bathy, 
3500,115,792571,2489074,-10.5,Bathy, 
3500,120,792567,2489071,-10.46,Bathy, 
3500,124,792566,2489067,-10.41,Bathy, 
3500,126,792565,2489065,-10.43,Bathy, 
3500,126,792565,2489065,-10.37,Bathy, 
3500,128,792565,2489063,-10.42,Bathy, 
3500,129,792566,2489061,-10.5,Bathy, 
3500,131,792566,2489058,-10.53,Bathy, 
3500,134,792564,2489056,-10.56,Bathy, 
3500,139,792560,2489053,-10.59,Bathy, 
3500,144,792555,2489050,-10.56,Bathy, 
3500,148,792552,2489047,-10.52,Bathy, 
3500,153,792549,2489044,-10.52,Bathy, 
3500,157,792546,2489041,-10.54,Bathy, 
3500,160,792544,2489038,-10.52,Bathy, 
3500,163,792544,2489035,-10.6,Bathy, 
3500,165,792544,2489032,-10.62,Bathy, 
3500,169,792544,2489027,-10.66,Bathy, 
3500,171,792544,2489024,-10.69,Bathy, 
3500,172,792546,2489021,-10.68,Bathy, 
3500,176,792545,2489017,-10.65,Bathy, 
3500,181,792542,2489013,-10.61,Bathy, 
3500,185,792539,2489010,-10.57,Bathy, 
3500,189,792537,2489007,-10.49,Bathy, 
3500,193,792535,2489003,-10.41,Bathy, 
3500,198,792532,2489000,-10.33,Bathy, 
3500,202,792528,2488998,-10.21,Bathy, 
3500,207,792525,2488994,-10.16,Bathy, 
3500,211,792523,2488990,-10.08,Bathy, 
3500,216,792520,2488986,-10.08,Bathy, 
3500,220,792517,2488983,-10.03,Bathy, 
3500,226,792514,2488978,-9.99,Bathy, 
3500,232,792510,2488974,-9.93,Bathy, 
3500,237,792507,2488969,-9.87,Bathy, 
3500,242,792505,2488965,-9.8,Bathy, 
3500,246,792503,2488961,-9.77,Bathy, 
3500,253,792500,2488955,-9.72,Bathy, 
3500,257,792498,2488951,-9.7,Bathy, 
3500,262,792495,2488947,-9.72,Bathy, 
3500,267,792492,2488943,-9.73,Bathy, 
3500,272,792489,2488939,-9.74,Bathy, 
3500,277,792486,2488935,-9.73,Bathy, 
3500,283,792483,2488930,-9.76,Bathy, 
3500,289,792479,2488926,-9.81,Bathy, 
3500,294,792476,2488922,-9.88,Bathy, 
3500,299,792473,2488918,-10.02,Bathy, 
3500,305,792469,2488913,-10.21,Bathy, 
3500,311,792465,2488909,-10.97,Bathy, 
3500,316,792462,2488904,-11.71,Bathy, 
3500,322,792459,2488899,-12.05,Bathy, 
3500,328,792455,2488895,-11.88,Bathy, 
3500,334,792452,2488890,-9.71,Bathy, 
3500,339,792449,2488886,-7.36,Bathy, 
3500,344,792446,2488881,-7.16,Bathy, 
3500,350,792442,2488877,-7.07,Bathy, 
3500,355,792439,2488873,-6.69,Bathy, 
3500,361,792436,2488868,-6.66,Bathy, 
3500,367,792433,2488863,-6.54,Bathy, 
3500,372,792430,2488859,-6.38,Bathy, 
3500,377,792426,2488855,-6.23,Bathy, 
3500,382,792423,2488851,-6.04,Bathy, 
,,,,,,
3600,0,792602,2489255,2.817,Land,Bank
3600,5,792599,2489251,2.827,Land, 
3600,8,792597,2489249,2.807,Land, 
3600,10,792596,2489247,2.777,Land, 
3600,13,792594,2489245,2.377,Land, 
3600,15,792593,2489243,2.407,Land, 
3600,18,792591,2489241,2.477,Land, 
3600,20,792590,2489239,2.467,RBT, 
3600,23,792588,2489237,1.887,Slope, 
3600,24,792588,2489236,2.417,Slope, 
3600,25,792587,2489235,1.566,WL, 
3600,26,792587,2489234,0.766,Sounding, 
3600,26,792586,2489234,0.626,Sounding, 
3600,28,792585,2489233,0.406,Sounding, 
3600,29,792585,2489232,0.226,Sounding, 
3600,34,792585,2489225,-0.86,Bathy, 
3600,36,792583,2489225,-1.62,Bathy, 
3600,38,792582,2489223,-3.02,Bathy, 
3600,41,792580,2489220,-3.64,Bathy, 
3600,45,792578,2489217,-5.01,Bathy, 
3600,47,792577,2489215,-6.67,Bathy, 
3600,50,792574,2489213,-8.42,Bathy, 
3600,55,792571,2489210,-8.63,Bathy, 
3600,57,792570,2489208,-9.82,Bathy, 
3600,61,792569,2489204,-9.95,Bathy, 
3600,64,792568,2489201,-9.88,Bathy, 
3600,69,792565,2489197,-9.93,Bathy, 
3600,74,792562,2489193,-10.04,Bathy, 
3600,78,792559,2489190,-10.19,Bathy, 
3600,83,792555,2489187,-10.54,Bathy, 
3600,87,792552,2489184,-9.46,Bathy, 
3600,92,792548,2489181,-9.36,Bathy, 
3600,96,792546,2489177,-9.25,Bathy, 
3600,102,792543,2489172,-9.22,Bathy, 
3600,106,792541,2489168,-9.2,Bathy, 
3600,112,792539,2489163,-9.19,Bathy, 
3600,117,792536,2489158,-9.17,Bathy, 
3600,122,792533,2489154,-9.16,Bathy, 
3600,126,792531,2489151,-9.15,Bathy, 
3600,131,792529,2489146,-9.13,Bathy, 
3600,137,792526,2489141,-9.11,Bathy, 
3600,143,792522,2489136,-9.09,Bathy, 
3600,148,792520,2489132,-9.07,Bathy, 
3600,154,792517,2489127,-9.05,Bathy, 
3600,160,792513,2489122,-8.95,Bathy, 
3600,166,792509,2489118,-8.97,Bathy, 
3600,170,792505,2489115,-8.92,Bathy, 
3600,177,792501,2489110,-8.83,Bathy, 
3600,183,792495,2489106,-8.78,Bathy, 
3600,188,792493,2489102,-8.74,Bathy, 
3600,194,792490,2489096,-8.76,Bathy, 
3600,202,792486,2489090,-8.78,Bathy, 
3600,208,792483,2489085,-8.82,Bathy, 
3600,214,792481,2489079,-8.88,Bathy, 
3600,219,792478,2489074,-8.88,Bathy, 
3600,226,792474,2489069,-8.89,Bathy, 
3600,231,792470,2489065,-8.88,Bathy, 
3600,238,792467,2489059,-8.86,Bathy, 
3600,244,792463,2489054,-8.9,Bathy, 
3600,251,792458,2489050,-8.98,Bathy, 
3600,256,792454,2489046,-8.98,Bathy, 
3600,262,792450,2489042,-8.89,Bathy, 
3600,267,792447,2489037,-8.79,Bathy, 
3600,273,792444,2489032,-8.8,Bathy, 
3600,280,792441,2489026,-8.81,Bathy, 
3600,286,792438,2489021,-8.81,Bathy, 
3600,292,792435,2489015,-8.82,Bathy, 
3600,297,792432,2489011,-8.82,Bathy, 
3600,304,792428,2489006,-8.82,Bathy, 
3600,310,792425,2489001,-8.82,Bathy, 
3600,314,792422,2488998,-8.77,Bathy, 
3600,319,792418,2488994,-8.6,Bathy, 
3600,324,792415,2488990,-8.43,Bathy, 
3600,330,792411,2488986,-8.25,Bathy, 
3600,335,792407,2488982,-8.08,Bathy, 
3600,342,792403,2488977,-7.91,Bathy, 
3600,346,792401,2488973,-7.54,Bathy, 
3600,351,792398,2488969,-7.62,Bathy, 
3600,357,792394,2488965,-7.46,Bathy, 
3600,363,792391,2488960,-7.33,Bathy, 
3600,368,792388,2488956,-6.88,Bathy, 
3600,372,792384,2488953,-6.93,Bathy, 
3600,379,792380,2488948,-6.82,Bathy, 
3600,384,792378,2488943,-6.72,Bathy, 
3600,389,792375,2488939,-6.63,Bathy, 
3600,395,792372,2488934,-6.52,Bathy, 
3600,402,792369,2488928,-6.45,Bathy, 
3600,407,792367,2488923,-6.36,Bathy, 
3600,412,792364,2488919,-6.1,Bathy, 
3600,417,792361,2488915,-6.01,Bathy, 
3600,422,792358,2488911,-5.82,Bathy, 
3600,426,792355,2488908,-5.66,Bathy, 
3600,431,792351,2488905,-5.28,Bathy, 
3600,435,792348,2488902,-4.75,Bathy, 
3600,441,792344,2488897,-5.19,Bathy, 
3600,447,792342,2488892,-4.92,Bathy, 
3600,452,792339,2488888,-4.85,Bathy, 
3600,457,792338,2488882,-4.63,Bathy, 
3600,461,792336,2488878,-4.41,Bathy, 
3600,466,792333,2488874,-4.38,Bathy, 
3600,471,792330,2488871,-4.21,Bathy, 
3600,476,792327,2488867,-3.88,Bathy, 
3600,480,792324,2488864,-4.13,Bathy, 
3600,483,792321,2488862,-3.84,Bathy, 
3600,490,792318,2488856,-3.33,Bathy, 
3600,495,792314,2488853,-3.23,Bathy, 
3600,499,792310,2488850,-3.25,Bathy, 
3600,505,792305,2488847,-2.98,Bathy, 
3600,509,792301,2488844,-2.9,Bathy, 
3600,514,792297,2488841,-2.81,Bathy, 
3600,518,792293,2488839,-2.68,Bathy, 
3600,523,792289,2488836,-2.61,Bathy, 
3600,529,792285,2488831,-2.47,Bathy, 
3600,532,792283,2488829,-2.05,Bathy, 
3600,536,792281,2488826,-2.12,Bathy, 
3600,539,792280,2488823,-1.92,Bathy, 
3600,542,792279,2488820,-1.77,Bathy, 
3600,544,792279,2488817,-1.63,Bathy, 
3600,547,792278,2488814,-1.52,Bathy, 
3600,548,792280,2488811,-1.4,Bathy, 
3600,549,792282,2488809,-1.29,Bathy, 
3600,549,792284,2488807,-1.23,Bathy, 
