[{"model": "admin.logentry", "pk": 1, "fields": {"action_time": "2021-08-31T03:23:13.135Z", "user": 1, "content_type": 4, "object_id": "1", "object_repr": "admin", "action_flag": 2, "change_message": "[{\"changed\": {\"fields\": [\"First name\", \"Last name\"]}}]"}}, {"model": "admin.logentry", "pk": 2, "fields": {"action_time": "2021-08-31T03:32:22.748Z", "user": 1, "content_type": 7, "object_id": "1", "object_repr": "Hello World | admin", "action_flag": 1, "change_message": "[{\"added\": {}}]"}}, {"model": "admin.logentry", "pk": 3, "fields": {"action_time": "2021-08-31T03:35:44.599Z", "user": 1, "content_type": 7, "object_id": "1", "object_repr": "Hello World | admin", "action_flag": 2, "change_message": "[]"}}, {"model": "admin.logentry", "pk": 4, "fields": {"action_time": "2021-08-31T03:39:07.968Z", "user": 1, "content_type": 7, "object_id": "2", "object_repr": "My Second Post | admin", "action_flag": 1, "change_message": "[{\"added\": {}}]"}}, {"model": "admin.logentry", "pk": 5, "fields": {"action_time": "2021-08-31T04:34:07.079Z", "user": 1, "content_type": 7, "object_id": "2", "object_repr": "My Second Post | admin", "action_flag": 2, "change_message": "[{\"changed\": {\"fields\": [\"Title tag\"]}}]"}}, {"model": "admin.logentry", "pk": 6, "fields": {"action_time": "2021-08-31T05:00:02.480Z", "user": 1, "content_type": 7, "object_id": "3", "object_repr": "Welcome to my third post | admin", "action_flag": 3, "change_message": ""}}, {"model": "admin.logentry", "pk": 7, "fields": {"action_time": "2021-08-31T05:04:22.112Z", "user": 1, "content_type": 7, "object_id": "6", "object_repr": "Testing the fifth | admin", "action_flag": 3, "change_message": ""}}, {"model": "admin.logentry", "pk": 8, "fields": {"action_time": "2021-08-31T07:34:46.457Z", "user": 1, "content_type": 8, "object_id": "1", "object_repr": "Coding", "action_flag": 1, "change_message": "[{\"added\": {}}]"}}, {"model": "admin.logentry", "pk": 9, "fields": {"action_time": "2021-08-31T07:34:50.103Z", "user": 1, "content_type": 8, "object_id": "2", "object_repr": "Sports", "action_flag": 1, "change_message": "[{\"added\": {}}]"}}, {"model": "admin.logentry", "pk": 10, "fields": {"action_time": "2021-08-31T07:34:56.209Z", "user": 1, "content_type": 8, "object_id": "3", "object_repr": "Entertainment", "action_flag": 1, "change_message": "[{\"added\": {}}]"}}, {"model": "admin.logentry", "pk": 11, "fields": {"action_time": "2021-09-07T07:47:58.666Z", "user": 1, "content_type": 9, "object_id": "1", "object_repr": "admin", "action_flag": 1, "change_message": "[{\"added\": {}}]"}}, {"model": "admin.logentry", "pk": 12, "fields": {"action_time": "2021-09-07T08:04:14.200Z", "user": 1, "content_type": 9, "object_id": "1", "object_repr": "admin", "action_flag": 2, "change_message": "[{\"changed\": {\"fields\": [\"Profile pic\"]}}]"}}, {"model": "admin.logentry", "pk": 13, "fields": {"action_time": "2021-09-07T08:11:13.283Z", "user": 1, "content_type": 9, "object_id": "1", "object_repr": "admin", "action_flag": 2, "change_message": "[{\"changed\": {\"fields\": [\"Profile pic\"]}}]"}}, {"model": "admin.logentry", "pk": 14, "fields": {"action_time": "2021-09-07T08:11:36.032Z", "user": 1, "content_type": 9, "object_id": "1", "object_repr": "admin", "action_flag": 2, "change_message": "[{\"changed\": {\"fields\": [\"Profile pic\"]}}]"}}, {"model": "admin.logentry", "pk": 15, "fields": {"action_time": "2021-09-07T08:45:17.039Z", "user": 1, "content_type": 9, "object_id": "1", "object_repr": "admin", "action_flag": 2, "change_message": "[{\"changed\": {\"fields\": [\"Profile pic\"]}}]"}}, {"model": "admin.logentry", "pk": 16, "fields": {"action_time": "2021-09-14T08:14:19.179Z", "user": 1, "content_type": 8, "object_id": "6", "object_repr": "coding tutorial", "action_flag": 3, "change_message": ""}}, {"model": "admin.logentry", "pk": 17, "fields": {"action_time": "2021-09-14T08:14:21.838Z", "user": 1, "content_type": 8, "object_id": "5", "object_repr": "Coding Tutorial", "action_flag": 3, "change_message": ""}}, {"model": "admin.logentry", "pk": 18, "fields": {"action_time": "2021-09-14T08:14:23.785Z", "user": 1, "content_type": 8, "object_id": "4", "object_repr": "Gaming", "action_flag": 3, "change_message": ""}}, {"model": "admin.logentry", "pk": 19, "fields": {"action_time": "2021-09-14T08:14:25.883Z", "user": 1, "content_type": 8, "object_id": "3", "object_repr": "Entertainment", "action_flag": 3, "change_message": ""}}, {"model": "admin.logentry", "pk": 20, "fields": {"action_time": "2021-09-14T08:14:28.076Z", "user": 1, "content_type": 8, "object_id": "2", "object_repr": "Sports", "action_flag": 3, "change_message": ""}}, {"model": "admin.logentry", "pk": 21, "fields": {"action_time": "2021-09-14T08:14:31.439Z", "user": 1, "content_type": 8, "object_id": "1", "object_repr": "Coding", "action_flag": 3, "change_message": ""}}, {"model": "admin.logentry", "pk": 22, "fields": {"action_time": "2021-09-14T08:17:13.243Z", "user": 1, "content_type": 8, "object_id": "7", "object_repr": "Coding", "action_flag": 2, "change_message": "[]"}}, {"model": "auth.permission", "pk": 1, "fields": {"name": "Can add log entry", "content_type": 1, "codename": "add_logentry"}}, {"model": "auth.permission", "pk": 2, "fields": {"name": "Can change log entry", "content_type": 1, "codename": "change_logentry"}}, {"model": "auth.permission", "pk": 3, "fields": {"name": "Can delete log entry", "content_type": 1, "codename": "delete_logentry"}}, {"model": "auth.permission", "pk": 4, "fields": {"name": "Can view log entry", "content_type": 1, "codename": "view_logentry"}}, {"model": "auth.permission", "pk": 5, "fields": {"name": "Can add permission", "content_type": 2, "codename": "add_permission"}}, {"model": "auth.permission", "pk": 6, "fields": {"name": "Can change permission", "content_type": 2, "codename": "change_permission"}}, {"model": "auth.permission", "pk": 7, "fields": {"name": "Can delete permission", "content_type": 2, "codename": "delete_permission"}}, {"model": "auth.permission", "pk": 8, "fields": {"name": "Can view permission", "content_type": 2, "codename": "view_permission"}}, {"model": "auth.permission", "pk": 9, "fields": {"name": "Can add group", "content_type": 3, "codename": "add_group"}}, {"model": "auth.permission", "pk": 10, "fields": {"name": "Can change group", "content_type": 3, "codename": "change_group"}}, {"model": "auth.permission", "pk": 11, "fields": {"name": "Can delete group", "content_type": 3, "codename": "delete_group"}}, {"model": "auth.permission", "pk": 12, "fields": {"name": "Can view group", "content_type": 3, "codename": "view_group"}}, {"model": "auth.permission", "pk": 13, "fields": {"name": "Can add user", "content_type": 4, "codename": "add_user"}}, {"model": "auth.permission", "pk": 14, "fields": {"name": "Can change user", "content_type": 4, "codename": "change_user"}}, {"model": "auth.permission", "pk": 15, "fields": {"name": "Can delete user", "content_type": 4, "codename": "delete_user"}}, {"model": "auth.permission", "pk": 16, "fields": {"name": "Can view user", "content_type": 4, "codename": "view_user"}}, {"model": "auth.permission", "pk": 17, "fields": {"name": "Can add content type", "content_type": 5, "codename": "add_contenttype"}}, {"model": "auth.permission", "pk": 18, "fields": {"name": "Can change content type", "content_type": 5, "codename": "change_contenttype"}}, {"model": "auth.permission", "pk": 19, "fields": {"name": "Can delete content type", "content_type": 5, "codename": "delete_contenttype"}}, {"model": "auth.permission", "pk": 20, "fields": {"name": "Can view content type", "content_type": 5, "codename": "view_contenttype"}}, {"model": "auth.permission", "pk": 21, "fields": {"name": "Can add session", "content_type": 6, "codename": "add_session"}}, {"model": "auth.permission", "pk": 22, "fields": {"name": "Can change session", "content_type": 6, "codename": "change_session"}}, {"model": "auth.permission", "pk": 23, "fields": {"name": "Can delete session", "content_type": 6, "codename": "delete_session"}}, {"model": "auth.permission", "pk": 24, "fields": {"name": "Can view session", "content_type": 6, "codename": "view_session"}}, {"model": "auth.permission", "pk": 25, "fields": {"name": "Can add post", "content_type": 7, "codename": "add_post"}}, {"model": "auth.permission", "pk": 26, "fields": {"name": "Can change post", "content_type": 7, "codename": "change_post"}}, {"model": "auth.permission", "pk": 27, "fields": {"name": "Can delete post", "content_type": 7, "codename": "delete_post"}}, {"model": "auth.permission", "pk": 28, "fields": {"name": "Can view post", "content_type": 7, "codename": "view_post"}}, {"model": "auth.permission", "pk": 29, "fields": {"name": "Can add category", "content_type": 8, "codename": "add_category"}}, {"model": "auth.permission", "pk": 30, "fields": {"name": "Can change category", "content_type": 8, "codename": "change_category"}}, {"model": "auth.permission", "pk": 31, "fields": {"name": "Can delete category", "content_type": 8, "codename": "delete_category"}}, {"model": "auth.permission", "pk": 32, "fields": {"name": "Can view category", "content_type": 8, "codename": "view_category"}}, {"model": "auth.permission", "pk": 33, "fields": {"name": "Can add profile", "content_type": 9, "codename": "add_profile"}}, {"model": "auth.permission", "pk": 34, "fields": {"name": "Can change profile", "content_type": 9, "codename": "change_profile"}}, {"model": "auth.permission", "pk": 35, "fields": {"name": "Can delete profile", "content_type": 9, "codename": "delete_profile"}}, {"model": "auth.permission", "pk": 36, "fields": {"name": "Can view profile", "content_type": 9, "codename": "view_profile"}}, {"model": "auth.permission", "pk": 37, "fields": {"name": "Can add comment", "content_type": 10, "codename": "add_comment"}}, {"model": "auth.permission", "pk": 38, "fields": {"name": "Can change comment", "content_type": 10, "codename": "change_comment"}}, {"model": "auth.permission", "pk": 39, "fields": {"name": "Can delete comment", "content_type": 10, "codename": "delete_comment"}}, {"model": "auth.permission", "pk": 40, "fields": {"name": "Can view comment", "content_type": 10, "codename": "view_comment"}}, {"model": "auth.user", "pk": 1, "fields": {"password": "pbkdf2_sha256$260000$TZSbDzzgigkNsDkwQNbbOK$qLLo+m2EOImJAnjfTdgi1FsJTMY526jiVpGznz4sDkk=", "last_login": "2021-09-14T08:02:02.289Z", "is_superuser": true, "username": "admin", "first_name": "Daniel", "last_name": "Kim", "email": "danielkim2711@gmail.com", "is_staff": true, "is_active": true, "date_joined": "2021-08-31T03:22:36Z", "groups": [], "user_permissions": []}}, {"model": "auth.user", "pk": 2, "fields": {"password": "pbkdf2_sha256$260000$h3iihj4QKyR5HJa7c6P0pK$qjnzOctxOJSaimpDouyXOZhV8+n0w4CuC7UJRrGpF/c=", "last_login": "2021-09-14T03:57:18.850Z", "is_superuser": false, "username": "bob", "first_name": "", "last_name": "", "email": "", "is_staff": false, "is_active": true, "date_joined": "2021-09-07T03:09:26.344Z", "groups": [], "user_permissions": []}}, {"model": "contenttypes.contenttype", "pk": 1, "fields": {"app_label": "admin", "model": "logentry"}}, {"model": "contenttypes.contenttype", "pk": 2, "fields": {"app_label": "auth", "model": "permission"}}, {"model": "contenttypes.contenttype", "pk": 3, "fields": {"app_label": "auth", "model": "group"}}, {"model": "contenttypes.contenttype", "pk": 4, "fields": {"app_label": "auth", "model": "user"}}, {"model": "contenttypes.contenttype", "pk": 5, "fields": {"app_label": "contenttypes", "model": "contenttype"}}, {"model": "contenttypes.contenttype", "pk": 6, "fields": {"app_label": "sessions", "model": "session"}}, {"model": "contenttypes.contenttype", "pk": 7, "fields": {"app_label": "blog", "model": "post"}}, {"model": "contenttypes.contenttype", "pk": 8, "fields": {"app_label": "blog", "model": "category"}}, {"model": "contenttypes.contenttype", "pk": 9, "fields": {"app_label": "blog", "model": "profile"}}, {"model": "contenttypes.contenttype", "pk": 10, "fields": {"app_label": "blog", "model": "comment"}}, {"model": "sessions.session", "pk": "yx57ajr3c2v7uajrix2c0h7c7ks0ka2o", "fields": {"session_data": ".eJxVjLsOAiEURP-F2hDeD0t7v4FcuCCrBpJltzL-u5JsoZluzpl5kQD7VsM-8hoWJGfCyem3i5AeuU2Ad2i3TlNv27pEOhV60EGvHfPzcrh_BxVG_a5V4kwZYRg69EUKH03KTElmZMnFIkqdIDkTLRdaMMXBZ82dhTKjNXl_ANEuN8w:1mQ3OE:PJOe5F-J5kyVRYLwuClseFS6vl_lrDpP5z6D1vJ77lw", "expire_date": "2021-09-28T08:02:02.291Z"}}, {"model": "blog.category", "pk": 7, "fields": {"name": "Coding"}}, {"model": "blog.profile", "pk": 1, "fields": {"user": 1, "bio": "This is my admin user bio.", "profile_pic": "", "website_url": null, "facebook_url": null, "twitter_url": null, "instagram_url": null, "pinterest_url": null}}, {"model": "blog.post", "pk": 14, "fields": {"title": "My First Blog Post", "header_image": "", "title_tag": "Test", "author": 1, "body": "<p>Hi</p>", "post_date": "2021-09-14", "category": "Coding", "snippet": "My First Blog Post", "likes": []}}, {"model": "blog.post", "pk": 15, "fields": {"title": "Hello World", "header_image": "", "title_tag": "Beautiful day isn't it?", "author": 1, "body": "<p>Today is such a great day.</p>\r\n\r\n<p>I wish everyone have a good day.</p>", "post_date": "2021-09-21", "category": "Coding", "snippet": "Snippet snippet", "likes": []}}, {"model": "blog.comment", "pk": 2, "fields": {"post": 14, "name": "Kim", "body": "Sup Jee Welcome", "date_added": "2021-09-14T08:16:26.698Z"}}]